title,url,img_url,host,period,tags
Cloud Gaming Day,https://form.naver.com/response/LY1COWgAr8_vuKm9cUcaHg,https://dev-event.vercel.app/_next/image?url=https%3A%2F%2Fbrave-people-3.s3.ap-northeast-2.amazonaws.com%2FDEV_EVENT%2F2024-06-18-23-03-4840-8dbfec72.png&w=640&q=75,네이버 클라우드 & 디딤365 & 씽킹데이터,2024.06.17 (월) ~ 2024.07.03 (수),"오프라인, 무료, 클라우드"
AI 웹 서비스 스쿨 1기,https://www.wanted.co.kr/events/techit-kdt-aiw-1st,https://dev-event.vercel.app/_next/image?url=https%3A%2F%2Fbrave-people-3.s3.ap-northeast-2.amazonaws.com%2FDEV_EVENT%2F2024-06-11-23-44-4059-3daa2fb9.jpeg&w=640&q=75,멋쟁이사자처럼,2024.06.05 (수) ~ 2024.07.03 (수),"온라인, 무료, AI	"
2024 데이터센터 서밋 코리아,https://www.sek.co.kr/apply.php?sn=571,https://dev-event.vercel.app/_next/image?url=https%3A%2F%2Fbrave-people-3.s3.ap-northeast-2.amazonaws.com%2FDEV_EVENT%2F2024-06-27-13-49-5424-623e3d37.jpeg&w=640&q=75,전자신문사,2024.06.04 (화) ~ 2024.07.01 (월),"오프라인, 무료, 기술일반"
한빛앤 MSA #2-9 주니어 개발자를 위한 개발 일정 산출 노하우...,https://festa.io/events/5395,https://dev-event.vercel.app/_next/image?url=https%3A%2F%2Fbrave-people-3.s3.ap-northeast-2.amazonaws.com%2FDEV_EVENT%2F2024-06-14-01-32-3695-b047c26d.png&w=640&q=75,한빛앤 MSA,2024.06.13 (목) ~ 2024.07.03 (수),"오프라인, 유료, 백엔드"
Kafka와 Kafka Connect를 이용한 데이터 흐름 이해...,https://docs.google.com/forms/d/e/1FAIpQLSecMOxDvlartQGaE3PVkxGaQ_acw3utwQQwjtb8cOtoI3OPjQ/viewform,https://dev-event.vercel.app/_next/image?url=https%3A%2F%2Fbrave-people-3.s3.ap-northeast-2.amazonaws.com%2FDEVEVENT%2F2024-06-06-00-47-5149-344a3bfc.png&w=640&q=75,GT Plus,2024.06.05 (수) ~ 2024.07.03 (수),"오프라인, 무료, 백엔드"
프로덕트 매니지먼트 과정,https://k-digital.goorm.io/b2g/kdt/product-management,https://dev-event.vercel.app/_next/image?url=https%3A%2F%2Fbrave-people-3.s3.ap-northeast-2.amazonaws.com%2FDEV_EVENT%2F2024-06-20-01-01-5148-0adfa7ae.png&w=640&q=75,구름,2024.06.14 (금) ~ 2024.07.04 (목),"실시간 비대면, 무료"
Go To Jeju 2024,https://festa.io/events/5326,https://dev-event.vercel.app/_next/image?url=https%3A%2F%2Fbrave-people-3.s3.ap-northeast-2.amazonaws.com%2FDEVEVENT%2F2024-05-29-08-02-0268-29204970.png&w=640&q=75,Golang Korea,2024.03.20 (수) ~ 2024.07.04 (목),"오프라인, 유료, 기술일반"
2024년 공개SW 개발자대회,https://www.oss.kr/dev_competition,https://dev-event.vercel.app/_next/image?url=https%3A%2F%2Fbrave-people-3.s3.ap-northeast-2.amazonaws.com%2FDEVEVENT%2F2024-05-31-02-38-3875-57f44587.png&w=640&q=75,과학기술정보통신부,2024.05.29 (수) ~ 2024.07.04 (목),"온라인, 무료, 대회, 기술일반"
Regional Scrum Gathering Seoul 2024...,https://scrum-korea.com/rsgseoul24,https://dev-event.vercel.app/_next/image?url=%2Fdefault%2Fevent-thumbnail-light.png&w=640&q=75,Scrum Korea,2024.03.20 (수) ~ 2024.07.04 (목),"오프라인, 무료, 기술일반"
제10회 대학생 프로그래밍 경진대회,https://bit.ly/4bZTYb2,https://dev-event.vercel.app/_next/image?url=https%3A%2F%2Fbrave-people-3.s3.ap-northeast-2.amazonaws.com%2FDEV_EVENT%2F2024-06-11-23-48-0555-867d5434.jpg&w=640&q=75,삼성전자,2024.06.04 (화) ~ 2024.07.04 (목),"온라인, 무료, 대회"
AI 웹 서비스 스쿨 1기,https://www.wanted.co.kr/events/techit-kdt-aiw-1st,https://dev-event.vercel.app/_next/image?url=https%3A%2F%2Fbrave-people-3.s3.ap-northeast-2.amazonaws.com%2FDEV_EVENT%2F2024-06-14-01-31-4565-3c8d4d52.jpg&w=640&q=75,원티드,2024.06.05 (수) ~ 2024.07.05 (금),"온라인, 무료, AI	"
JUNCTION ASIA 2024,https://eu.junctionplatform.com/events/junction-asia-2024,https://dev-event.vercel.app/_next/image?url=https%3A%2F%2Fbrave-people-3.s3.ap-northeast-2.amazonaws.com%2FDEV_EVENT%2F2024-06-25-23-21-2114-b1dd7271.png&w=640&q=75,경상북도,2024.06.24 (월) ~ 2024.07.07 (일),"온라인, 유료, 인프라"
2024 3rd QA Korea Conference,https://festa.io/events/5301,https://dev-event.vercel.app/_next/image?url=https%3A%2F%2Fbrave-people-3.s3.ap-northeast-2.amazonaws.com%2FDEVEVENT%2F2024-06-03-23-47-4993-c0730ca1.png&w=640&q=75,QA Korea Conference,2024.06.03 (월) ~ 2024.07.05 (금),"온라인, 유료, 기술일반"
2024 스마일게이트 AI 서비스 위클리톤,https://futurelab.center/front/program/program-view/754,https://dev-event.vercel.app/_next/image?url=https%3A%2F%2Fbrave-people-3.s3.ap-northeast-2.amazonaws.com%2FDEV_EVENT%2F2024-06-23-00-43-2687-a30921a1.png&w=640&q=75,FUTURE LAB,2024.06.11 (화) ~ 2024.07.07 (일),"오프라인, 무료, 대회, AI	"
백엔드 개발자 과정,https://k-digital.goorm.io/b2g/kdt/backend,https://dev-event.vercel.app/_next/image?url=https%3A%2F%2Fbrave-people-3.s3.ap-northeast-2.amazonaws.com%2FDEV_EVENT%2F2024-06-20-01-03-0519-68d702a1.png&w=640&q=75,구름,2024.06.14 (금) ~ 2024.07.08 (월),"실시간 비대면, 무료, 교육"
프론트엔드 기반 프로덕트 디자이너 과정,https://k-digital.goorm.io/b2g/kdt/product-design,https://dev-event.vercel.app/_next/image?url=https%3A%2F%2Fbrave-people-3.s3.ap-northeast-2.amazonaws.com%2FDEV_EVENT%2F2024-06-20-01-00-5349-84606600.png&w=640&q=75,구름,2024.06.14 (금) ~ 2024.07.08 (월),"실시간 비대면, 무료, 교육, UI/UX"
프론트엔드 개발자 과정,https://k-digital.goorm.io/b2g/kdt/frontend,https://dev-event.vercel.app/_next/image?url=https%3A%2F%2Fbrave-people-3.s3.ap-northeast-2.amazonaws.com%2FDEV_EVENT%2F2024-06-20-01-05-1373-dda0ba52.png&w=640&q=75,구름,2024.06.14 (금) ~ 2024.07.08 (월),"실시간 비대면, 무료, 교육"
AWSKRUG 플랫폼엔지니어링 모임,https://www.meetup.com/awskrug/events/301414888,https://dev-event.vercel.app/_next/image?url=https%3A%2F%2Fbrave-people-3.s3.ap-northeast-2.amazonaws.com%2FDEVEVENT%2F2024-06-03-23-49-0367-aab93b91.png&w=640&q=75,AWSKRUG,2024.06.03 (월) ~ 2024.07.10 (수),"온라인, 유료, 인프라"
제로베이스에서 유능한 QA로 성장하는 소프트웨어 테스트의 모든 것...,https://event-us.kr/FKH3nHkjmPGh/event/86185,https://dev-event.vercel.app/_next/image?url=https%3A%2F%2Fbrave-people-3.s3.ap-northeast-2.amazonaws.com%2FDEV_EVENT%2F2024-06-23-00-47-5345-0333d4be.png&w=640&q=75,한빛미디어,2024.06.20 (목) ~ 2024.07.11 (목),"오프라인, 무료, 기술일반"
프론트엔드 개발자를 위한 풀스택 과정,https://camp.orm.im/js-full-stack,https://dev-event.vercel.app/_next/image?url=%2Fdefault%2Fevent-thumbnail-light.png&w=640&q=75,모두의 연구소,2024.06.14 (금) ~ 2024.07.12 (금),"온라인, 무료, 프론트엔드	, 백엔드"
with CTO: 2nd meet,https://festa.io/events/5373,https://dev-event.vercel.app/_next/image?url=https%3A%2F%2Fbrave-people-3.s3.ap-northeast-2.amazonaws.com%2FDEV_EVENT%2F2024-06-25-23-28-2442-0e962506.png&w=640&q=75,프루퍼,2024.06.25 (화) ~ 2024.07.12 (금),"오프라인, 무료, 기술일반, 모임"
2024 WASSUP42,https://festa.io/events/5373,https://dev-event.vercel.app/_next/image?url=https%3A%2F%2Fbrave-people-3.s3.ap-northeast-2.amazonaws.com%2FDEV_EVENT%2F2024-06-11-23-46-0910-f7e67b4d.png&w=640&q=75,2024 WASSUP42,2024.06.03 (월) ~ 2024.07.12 (금),"온라인, 유료, 기술일반, 모임"
새싹 해커톤,https://dacon.io/competitions/official/236293/overview/description,https://dev-event.vercel.app/_next/image?url=https%3A%2F%2Fbrave-people-3.s3.ap-northeast-2.amazonaws.com%2FDEV_EVENT%2F2024-06-27-20-31-0428-821a9f3b.png&w=640&q=75,서울경제진흥원,2024.06.27 (목) ~ 2024.07.12 (금),"온라인, 무료, 대회"
Autify : AI-Powered Test Automation Platform...,https://thefutureinside.lgcns.com/CNSEvent/Detail/192?ibch=et04,https://dev-event.vercel.app/_next/image?url=https%3A%2F%2Fbrave-people-3.s3.ap-northeast-2.amazonaws.com%2FDEV_EVENT%2F2024-06-27-20-32-3280-f78df60a.png&w=640&q=75,LG CNS,2024.06.27 (목) ~ 2024.07.16 (화),"온라인, 무료, AI	"
알고리즘 코드 챌린지,https://okky.kr/articles/1503884?topic=it&page=1,https://dev-event.vercel.app/_next/image?url=https%3A%2F%2Fbrave-people-3.s3.ap-northeast-2.amazonaws.com%2FDEV_EVENT%2F2024-06-15-13-39-2487-40157cdb.png&w=640&q=75,엘리스,2024.06.10 (월) ~ 2024.07.19 (금),"온라인, 무료, 대회"
Google I/O Extended Watch Party Busan 2024...,https://festa.io/events/5467,https://dev-event.vercel.app/_next/image?url=https%3A%2F%2Fbrave-people-3.s3.ap-northeast-2.amazonaws.com%2FDEV_EVENT%2F2024-06-24-22-36-5790-8878cf17.png&w=640&q=75,GDG Busan,2024.06.24 (월) ~ 2024.07.12 (금),"오프라인, 유료, 기술일반"
2024 블록체인 경진대회 「BEST Challenge」...,https://litt.ly/2024best,https://dev-event.vercel.app/_next/image?url=https%3A%2F%2Fbrave-people-3.s3.ap-northeast-2.amazonaws.com%2FDEV_EVENT%2F2024-06-18-23-34-0642-47eca32a.png&w=640&q=75,과학기술정보통신부,2024.06.14 (금) ~ 2024.07.23 (화),"온라인, 무료, 기술일반"
벡엔드 개발자 오르미 양성광정 6기,https://inthiswork.com/archives/126609,https://dev-event.vercel.app/_next/image?url=https%3A%2F%2Fbrave-people-3.s3.ap-northeast-2.amazonaws.com%2FDEVEVENT%2F2024-06-04-22-19-3922-227b5a10.png&w=640&q=75,이스트소프트,2024.06.04 (화) ~ 2024.07.22 (월),"온라인, 무료, 백엔드"
프론트엔드 개발자 오르미 양성광정 6기,https://inthiswork.com/archives/126614,https://dev-event.vercel.app/_next/image?url=https%3A%2F%2Fbrave-people-3.s3.ap-northeast-2.amazonaws.com%2FDEVEVENT%2F2024-06-04-22-17-4488-44efa72f.png&w=640&q=75,이스트소프트,2024.06.04 (화) ~ 2024.07.22 (월),"온라인, 무료, 프론트엔드	"
[AI × 독서모임] 인공지능 책 함께 읽어요!,https://festa.io/events/5317,https://dev-event.vercel.app/_next/image?url=https%3A%2F%2Fbrave-people-3.s3.ap-northeast-2.amazonaws.com%2FDEVEVENT%2F2024-05-28-08-14-4399-ca973e4f.jpg&w=640&q=75,ArtByte,2024.05.27 (월) ~ 2024.07.24 (수),"오프라인, 무료, AI	"
오라클 클라우드 서비스 웹 어플리케이션 구축 및 유지 관리...,https://docs.google.com/forms/d/e/1FAIpQLSdFSrNPtkLOXmgPsQ_bUyZqYNNQw1z46Ismx47p0UAFU3_nTw/viewform,https://dev-event.vercel.app/_next/image?url=https%3A%2F%2Fbrave-people-3.s3.ap-northeast-2.amazonaws.com%2FDEV_EVENT%2F2024-06-25-23-30-4668-e12597a7.jpeg&w=640&q=75,GT Plus,2024.06.24 (월) ~ 2024.07.26 (금),"오프라인, 무료, 클라우드"
해커그라운드 해커톤 2024,https://github.com/hackersground-kr/hackers-ground,https://dev-event.vercel.app/_next/image?url=https%3A%2F%2Fbrave-people-3.s3.ap-northeast-2.amazonaws.com%2FDEV_EVENT%2F2024-06-23-00-49-2442-c7df5b30.png&w=640&q=75,의성군,2024.06.19 (수) ~ 2024.07.28 (일),"오프라인, 무료, 대회"
2024 블레이버스 MVP 개발 해커톤,https://alkaline-pearl-02a.notion.site/2024-MVP-8386b46f328d4b02b36284f9448fdc1d,https://dev-event.vercel.app/_next/image?url=https%3A%2F%2Fbrave-people-3.s3.ap-northeast-2.amazonaws.com%2FDEV_EVENT%2F2024-06-25-23-24-2505-89f8681a.png&w=640&q=75,블레이버스,2024.06.24 (월) ~ 2024.07.31 (수),"온라인, 오프라인, 무료, 대회"
2024 MeetLab,https://festa.io/events/5460,https://dev-event.vercel.app/_next/image?url=https%3A%2F%2Fbrave-people-3.s3.ap-northeast-2.amazonaws.com%2FDEV_EVENT%2F2024-06-24-22-38-3806-81259f6e.png&w=640&q=75,Coding Lab,2024.06.24 (월) ~ 2024.07.26 (금),"오프라인, 무료, 기술일반"
UbuCon Korea 2024,https://2024.ubuntu-kr.org/ko/,https://dev-event.vercel.app/_next/image?url=https%3A%2F%2Fbrave-people-3.s3.ap-northeast-2.amazonaws.com%2FDEVEVENT%2F2024-05-08-04-36-1213-b3b467e4.png&w=640&q=75,우분투 한국커뮤니티,2024.04.17 (수) ~ 2024.08.09 (금),"오프라인, 무료, 기술일반"
인프콘 2024,https://www.inflearn.com/infcon-2024/teaser,https://dev-event.vercel.app/_next/image?url=https%3A%2F%2Fbrave-people-3.s3.ap-northeast-2.amazonaws.com%2FDEVEVENT%2F2024-04-05-22-48-1157-6dcb0266.png&w=640&q=75,인프런,2024.08.02 (금) ~ 00:00,"오프라인, 무료, 기술일반"
Gemini API 개발자 대회,https://ai.google.dev/competition?hl=ko,https://dev-event.vercel.app/_next/image?url=https%3A%2F%2Fbrave-people-3.s3.ap-northeast-2.amazonaws.com%2FDEVEVENT%2F2024-05-18-22-17-1274-2361995e.png&w=640&q=75,구글,2024.05.17 (금) ~ 2024.08.12 (월),"온라인, 무료, AI	"
DebConf24,https://debconf24.debconf.org/,https://dev-event.vercel.app/_next/image?url=https%3A%2F%2Fbrave-people-3.s3.ap-northeast-2.amazonaws.com%2FDEVEVENT%2F2024-05-10-05-50-4707-7826541c.jpg&w=640&q=75,데비안 프로젝트,2024.07.28 (일) ~ 2024.08.04 (일),"오프라인, 무료, 기술일반"
FEConf 2024,https://2024.feconf.kr/,https://dev-event.vercel.app/_next/image?url=https%3A%2F%2Fbrave-people-3.s3.ap-northeast-2.amazonaws.com%2FDEVEVENT%2F2024-05-24-22-11-3412-719ab4c0.png&w=640&q=75,FEConf,2024.08.24 (토) ~ 00:00,"오프라인, 유료, 프론트엔드	"
GopherCon Korea 2024,https://festa.io/events/5098,https://dev-event.vercel.app/_next/image?url=https%3A%2F%2Fbrave-people-3.s3.ap-northeast-2.amazonaws.com%2FDEVEVENT%2F2024-04-16-22-38-0170-4d7db9a4.png&w=640&q=75,Golang Korea,2024.04.01 (월) ~ 2024.10.31 (목),"오프라인, 유료, 기술일반"
KWDC24,https://kwdc.dev/2024/,https://dev-event.vercel.app/_next/image?url=https%3A%2F%2Fbrave-people-3.s3.ap-northeast-2.amazonaws.com%2FDEVEVENT%2F2024-04-11-23-36-2400-15d86c8f.png&w=640&q=75,APPLE,2024.10.25 (금) ~ 00:00,"오프라인, 유료, 기술일반"
제 8회 개방형 클라우드 플랫폼(K-PaaS) 기반 서비스 개발 아이디어 공모전...,https://contest.k-paas.org/,https://dev-event.vercel.app/_next/image?url=https%3A%2F%2Fbrave-people-3.s3.ap-northeast-2.amazonaws.com%2FDEVEVENT%2F2024-04-05-22-38-4473-3edc6a02.png&w=640&q=75,K-PaaS,2024.04.01 (월) ~ 2024.10.31 (목),"온라인, 무료, 클라우드"
